"conversation_id_str","created_at","favorite_count","full_text","id_str","image_url","in_reply_to_screen_name","lang","location","quote_count","reply_count","retweet_count","tweet_url","user_id_str","username"
"1848269849124012413","Sun Nov 03 15:33:36 +0000 2024","0","@iyewna cantik sekali kakak Yena makasih ya sudah support aespa! ","1853098206848328021","","iyewna","in","„Ö§Ch√©rie ‚Äòn lassdor, o.O! ‚ô°‚ëÖ","0","0","0","https://x.com/wizter/status/1853098206848328021","1342488308652240896","wizter"
"1853074598952337500","Sun Nov 03 15:32:52 +0000 2024","0","@swandaisies @aespa_official LUCU BANGETTTTTTT","1853098022093435283","","swandaisies","in","","0","0","0","https://x.com/snowwyicy/status/1853098022093435283","1712119274452738048","snowwyicy"
"1853087422269243570","Sun Nov 03 15:32:28 +0000 2024","0","@dazzlingaquaaa Who jimin udah bertahan lama di global top 10 sejak rilis dan stabil juga di billboard hot 100 top 50 Okay selain apt lagu mana yg ngechart di melon dan ngechart juga di spotify global? Spotify indo deh minimal. Lagu aespa yg supernova aja ga masuk spotify indo","1853097925070733813","","dazzlingaquaaa","in","donotfollow","0","0","0","https://x.com/yoonchaecat/status/1853097925070733813","1563056382055956487","yoonchaecat"
"1853058142306963949","Sun Nov 03 15:31:43 +0000 2024","0","@BA_KEK_OK @llOPPIBEAR saya baca pake nada aespa.","1853097733906891113","","BA_KEK_OK","in","open. langsung kirim form saja","0","0","0","https://x.com/douvart/status/1853097733906891113","1398637466920181766","douvart"
"1853097623613575543","Sun Nov 03 15:31:17 +0000 2024","0","Aespa cantik semua bingung aku tuh","1853097623613575543","","","in","","0","0","0","https://x.com/MinWannie/status/1853097623613575543","1264236221628178432","MinWannie"
"1851648587517804621","Sun Nov 03 15:31:15 +0000 2024","0","@yimin Gw bersihin dorm aespa mmh bersihin dorm enhypen? ‚Äç‚ÜîÔ∏è Apa udah waktunya gw nyanyi enchanted sejam..? Janji gak encok mah..? ","1853097615636013301","","yimin","in","Sakai Moka. ","0","0","0","https://x.com/Sungxhoon/status/1853097615636013301","438157432","Sungxhoon"
"1853097545658163411","Sun Nov 03 15:30:58 +0000 2024","0","Wesss bentar lagi debut di hyperlink aespa wkwkw","1853097545658163411","","","in","","0","0","0","https://x.com/cultozy/status/1853097545658163411","1501962373321859073","cultozy"
"1848293615858340264","Sun Nov 03 15:30:53 +0000 2024","0","@Yiremn kakaaak cantin banget pakai twibbonnya makasih ya sudah support aespa terus! ini keren karena dukungan kakak sih jadi makin keren gini kitaa :p aku semangat bangeeet promosinya amin aku ngga sabar nunggu waktu kita bisa challenge bareng Ô∏è","1853097523004748097","","Yiremn","in","„Ö§Ch√©rie ‚Äòn lassdor, o.O! ‚ô°‚ëÖ","0","0","0","https://x.com/wizter/status/1853097523004748097","1342488308652240896","wizter"
"1853051249291346361","Sun Nov 03 15:29:55 +0000 2024","0","@Biajnca Aku Hanni aespa ","1853097283342204934","","Biajnca","in","Marianne Kielle","0","0","0","https://x.com/fripay/status/1853097283342204934","430658163","fripay"
"1853094766453674435","Sun Nov 03 15:28:37 +0000 2024","0","fans jaman sekarang cepet bgt besar-besarin masalah udah tau anak-anak aespa tuh pada straightforward kok salah satu grup yg kalo ngomong tuh menurut gue gak di sugarcoating makanya gue demen bgt karena fresh liatnya jadi kalo misal mereka aja gak mempermasalahkan","1853096955863605273","","tokyodriftl","in","","0","1","0","https://x.com/tokyodriftl/status/1853096955863605273","1140284827247104000","tokyodriftl"
"1853062663628321199","Sun Nov 03 15:28:32 +0000 2024","0","@ITZYofficial @aespa_official duhh mana 2 2 nya cewekku ","1853096935483380016","","ITZYofficial","in","","0","0","0","https://x.com/mikasackerzman/status/1853096935483380016","1561202559758798849","mikasackerzman"
"1853096352450015518","Sun Nov 03 15:26:13 +0000 2024","0","hari ini aespa 2 schedule fansign kah?","1853096352450015518","","","in","","0","0","0","https://x.com/archiekainss/status/1853096352450015518","713375810158088192","archiekainss"
"1853096219087925369","Sun Nov 03 15:25:42 +0000 2024","0","setelah atur atur terbitlah akal akalin aje ","1853096219087925369","","","in","106'23","0","0","0","https://x.com/namedlatte/status/1853096219087925369","1331792174762000386","namedlatte"
"1853095971363959096","Sun Nov 03 15:24:43 +0000 2024","0","jangan lupa vote ya mys sayang #2024MAMAVOTE #aespa","1853095971363959096","","","in","asspa","0","0","0","https://x.com/jijelcantikk/status/1853095971363959096","1840691499186716672","jijelcantikk"
"1852705388199846358","Sun Nov 03 15:24:33 +0000 2024","0","@STAYC_official @aespa_official GAA EKSPEKK BAKALL KETEMU SUMPAH!!!","1853095929202839555","","STAYC_official","in","","0","0","0","https://x.com/sachachaee/status/1853095929202839555","1792901294791053312","sachachaee"
"1853095843257287077","Sun Nov 03 15:24:12 +0000 2024","0","njir gue kira editan fans yeyyy akhirnya irene debut solo ","1853095843257287077","","","in","","0","0","0","https://x.com/aerigiii/status/1853095843257287077","1779582641920241664","aerigiii"
"1853045406235849079","Sun Nov 03 15:23:41 +0000 2024","0","@bae0logy skripsi tulis tangan","1853095711203836191","","bae0logy","in","106'23","0","0","0","https://x.com/namedlatte/status/1853095711203836191","1331792174762000386","namedlatte"
"1853079655215145343","Sun Nov 03 15:23:39 +0000 2024","0","@WlNTERI @Rhunjin Aly??? Buat mobilnya aespa sejuta 1 jam ya?","1853095703868035216","","WlNTERI","in","@ILLUSIONEO127. ","0","0","0","https://x.com/maraklee/status/1853095703868035216","488123959","maraklee"
"1853095703108825276","Sun Nov 03 15:23:39 +0000 2024","0","bisa ga ya aespa ke posisi 1","1853095703108825276","","","in","‚ù•9'00","0","1","0","https://x.com/shiiphile/status/1853095703108825276","1738512535865946112","shiiphile"
"1853095331216687414","Sun Nov 03 15:23:37 +0000 2024","0","@eubly hi kak ini ada rs tapi kalo mau req bisa ready stock layout scenery unfiltered gg aespa get ava png+jpg free re-text / no text 6 https://t.co/B3ntTlJmx9","1853095698226659621","https://pbs.twimg.com/media/Gbb1O13aUAAE0Kv.jpg","eubly","in","","0","0","0","https://x.com/antigoret/status/1853095698226659621","1402112440817438722","antigoret"
"1853095657340600463","Sun Nov 03 15:23:28 +0000 2024","0","Sinb yaa ajak lah mereka berdua challenge bareng shhh! nanti yaa please @VIVIZ_official","1853095657340600463","","","in","gatau, gelap soalnya","0","0","0","https://x.com/dinduys/status/1853095657340600463","2993260530","dinduys"
"1853093697749180592","Sun Nov 03 15:23:15 +0000 2024","0","penyebabnya si admin @aespa_official ini aowokwok tiap bulan ada aja huru hara nya. nih kalo rata updatenya mengurangi cemburu sosial yaa lah ini update pilih kadang heran sekedar RT aja gak bisa.","1853095602915266865","","wtbluu","in","","0","0","0","https://x.com/wtbluu/status/1853095602915266865","2998766486","wtbluu"
"1853089602988638573","Sun Nov 03 15:23:13 +0000 2024","0","@falalilule ak dukung yas","1853095597559157098","","falalilule","in","106'23","0","1","0","https://x.com/namedlatte/status/1853095597559157098","1331792174762000386","namedlatte"
"1853093006494318944","Sun Nov 03 15:22:35 +0000 2024","0","@eyizuo Sayang banget kita ga barengan ya semoga nanti anak aespa bisa diajak challengeku deh. Sisihkan waktu untukku pls?","1853095437445853622","","eyizuo","in","BAECHUS. ","0","0","0","https://x.com/Renei/status/1853095437445853622","1450141124035633153","Renei"
"1853095284429222080","Sun Nov 03 15:21:59 +0000 2024","0","Pliss jangan susah2 nanti pada kabur lagi kayak pas bop bop. mana ini katanya lebih susah lagi ","1853095284429222080","","","in","gatau, gelap soalnya","0","0","0","https://x.com/dinduys/status/1853095284429222080","2993260530","dinduys"
"1853051813873983488","Sun Nov 03 15:21:35 +0000 2024","0","@dumpdut @aespa_official BUSET DEMI APAAA SENENG BANGET MAKASIH UDAH NGETAG","1853095184336396785","","dumpdut","in","","0","0","0","https://x.com/samvoerna/status/1853095184336396785","1603229290635874304","samvoerna"
"1853095103294013919","Sun Nov 03 15:21:16 +0000 2024","0","Ini navishnya aespa yah? (Canda)","1853095103294013919","","","in","üíì Tatiana Sophie Aubree üíì","0","0","0","https://x.com/dahyunHEAL/status/1853095103294013919","1227111808734912513","dahyunHEAL"
"1853095017713480040","Sun Nov 03 15:20:55 +0000 2024","0","ak ska bgt gaya promosi aespa yg masih eceran ini ukhuy tetep padat di mushow dan variety show korea this is what i signed up for ","1853095017713480040","","","in","","0","0","0","https://x.com/archiekainss/status/1853095017713480040","713375810158088192","archiekainss"
"1853086213357646308","Sun Nov 03 15:20:07 +0000 2024","1","@alzemissu memang cuki https://t.co/15Xyg2cwdM","1853094814797197462","https://pbs.twimg.com/media/GbeD6ffbQAAYzlf.jpg","alzemissu","in","106'23","0","1","0","https://x.com/namedlatte/status/1853094814797197462","1331792174762000386","namedlatte"
"1853094158703239514","Sun Nov 03 15:17:30 +0000 2024","1","belegug ih aing dulu pernah salah paham MALAH IKUT NAIKIN HT aespa copying txt... DAN GUE TERSADAR DAN MENGHAPUS ITU SEMUA... MAAFKAN AK... AK MENYESAL....","1853094158703239514","","","in","ÎåÄÌïúÎØºÍµ≠","0","1","0","https://x.com/keTuAmApiAaa/status/1853094158703239514","1635837203732656128","keTuAmApiAaa"
"1853093300229820470","Sun Nov 03 15:16:36 +0000 2024","0","@naslovesan ngeliatnya sambil ngantuk KIRAIN MEMB AESPA","1853093928553402823","","naslovesan","in","agak mulfan but mostly ateez!","0","0","0","https://x.com/sanshinetoday/status/1853093928553402823","1529306998423990273","sanshinetoday"
"1853093266570526740","Sun Nov 03 15:13:58 +0000 2024","1","put yunho in an aespa mv rn omgfhf https://t.co/NkmyikN1ed","1853093266570526740","https://pbs.twimg.com/media/GbeCfyXbgAAzI8D.jpg","","in"," Ôæü Àñ ¬†ÍïÄ ¬† he ‚†Ähim  .   ‚ü°","0","0","1","https://x.com/yeorsocute/status/1853093266570526740","1652995276842635269","yeorsocute"
"1853093194373951771","Sun Nov 03 15:13:41 +0000 2024","0","Yee suka ga ngaca pas kemarin soal aespa txt itu kan fandom lu slutshamming sampe spam hate comment di weverse. Kasi tau lah fandom lo dlu baru nasehatin fandom orang.","1853093194373951771","","","in","","0","0","0","https://x.com/ainafternoon/status/1853093194373951771","1770805022504144896","ainafternoon"
"1853093126619189515","Sun Nov 03 15:13:24 +0000 2024","0","WTB want to Buy beli Ticket nabati aespa M&amp;G in Jakarta VVIP Row A-D Dm aku ya harga gampang di bicarakan aja cod venue ya tags. karina winter giselle ningning tiket mng nabati meet and greet ina","1853093126619189515","","","in","","0","0","0","https://x.com/YunoWangjanim/status/1853093126619189515","723665664209117184","YunoWangjanim"
"1853093098693562525","Sun Nov 03 15:13:18 +0000 2024","0","SNSD &amp; aespa mungkin kalah tapi moment seperti ini jarang terjadi. Group &amp; Leader masuk nominasi Top 3 di Music Show. Group no 2 Member solo no 3. Keduanya leader dan lagu solonya bukan official solo debut. KARINA will have great successful like TAEYEON in the future! ","1853093098693562525","","","in","SHN","0","0","0","https://x.com/FianHyde/status/1853093098693562525","61093316","FianHyde"
"1853092795986407875","Sun Nov 03 15:12:06 +0000 2024","0","OPEN RENT (SEWA HP) untuk Fanmeet Konser wisuda foto Venue/Stasiun Terdekat Dp 30% ¬∞ Iphone 11 11 Pro 13 14 Promax &amp; S24 Ultra ¬∞ Inc PB &amp; Charger DM / WA wtr iphone wtb chanyeol lisa 2ne1 dua lipa maroon5 10cm aespa joong archen jkt 48 dean jung haein #zonauang https://t.co/xskIesA8eK","1853092795986407875","https://pbs.twimg.com/media/GbeCEULboAA9Qbq.jpg","","in","","0","0","0","https://x.com/rafaaelstruick/status/1853092795986407875","1227162599646625792","rafaaelstruick"
"1852666673591189612","Sun Nov 03 15:11:55 +0000 2024","0","@obiiii_ @aespa_official jypapi","1853092749949784194","","obiiii_","in","","0","0","0","https://x.com/feyzlv/status/1853092749949784194","1126398904553984001","feyzlv"
"1853091382384353438","Sun Nov 03 15:10:48 +0000 2024","0","@xaniyatn HUH KAYA MEMBER AESPA","1853092471674376587","","xaniyatn","in","agak mulfan but mostly ateez!","0","0","0","https://x.com/sanshinetoday/status/1853092471674376587","1529306998423990273","sanshinetoday"
"1853092307568136326","Sun Nov 03 15:10:27 +0000 2024","0","ini MEMBER AESPA YA","1853092381832458371","","sanshinetoday","in","agak mulfan but mostly ateez!","0","0","0","https://x.com/sanshinetoday/status/1853092381832458371","1529306998423990273","sanshinetoday"
"1852666673591189612","Sun Nov 03 15:09:20 +0000 2024","0","@aespa_official Mama jyp behind u","1853092100176502951","","aespa_official","in","Spain","0","0","0","https://x.com/hiraijihyooom/status/1853092100176502951","1329089711663583236","hiraijihyooom"
"1853074598952337500","Sun Nov 03 15:08:21 +0000 2024","0","@minjsong @aespa_official TIKTOKAN MULU LU MUSIM DINGIN!!","1853091853593391356","","minjsong","in","Ïπ¥Î¶¨ÎÇò, 00. | TheK.","0","0","0","https://x.com/payin/status/1853091853593391356","2794535634","payin"
"1853068427281244498","Sun Nov 03 15:08:05 +0000 2024","0","@starfess full album babymonster sama whiplash nya aespa semua lagunya enak¬≤ nder","1853091788808212664","","starfess","in","","0","0","0","https://x.com/noveegurllly/status/1853091788808212664","1840584800132059136","noveegurllly"
"1853091544804590000","Sun Nov 03 15:07:07 +0000 2024","0","yeji kyk 5th member of aespa anjay","1853091544804590000","","","in","","0","0","0","https://x.com/yellaaw/status/1853091544804590000","1014482553389002753","yellaaw"
"1853062594984378774","Sun Nov 03 15:06:53 +0000 2024","0","@karomilkshi aespa juga gitu kan... antara konsep grup karakter lagu sama konsep tiap comeback ketiganya berkesinambungan selalu bikin orang2 mikir ini aespa banget jadi SM rilis lagu buat grupnya tuh ga ngikutin lagu yg lagi viral melainkan lagu yg sesuai sama karakter grup itu sendiri","1853091485471928372","","imjoraengi","in","not a my nor an akgae","0","0","0","https://x.com/imjoraengi/status/1853091485471928372","1533479517511032832","imjoraengi"
"1853091048286830644","Sun Nov 03 15:06:25 +0000 2024","0","@selfolssi Aku mau nyari rp aespa yang soul nya avail ada juga ga ya . . .","1853091368962494934","","selfolssi","in","IDN/ENG.","0","0","0","https://x.com/hakushtoa/status/1853091368962494934","1290139696702476288","hakushtoa"
"1853091328063938718","Sun Nov 03 15:06:16 +0000 2024","0","Sm lu beneran sibuk bener anjir. Abis aespa cb si minho debut solo trus si irene debut solo abis tu si taeyeon cb","1853091328063938718","","","in","","0","1","0","https://x.com/firleeyours/status/1853091328063938718","1014592821997604864","firleeyours"
"1853090952296247680","Sun Nov 03 15:04:46 +0000 2024","1","kayak pake filter savagenya aespa ga sih ini aksesorisnya?? bedanya aespa kan gede ya ini keciiill. gue demen bgttt https://t.co/7I6PIpBrgE","1853090952296247680","https://pbs.twimg.com/media/GbeAZgSawAA164p.jpg","","in","Indonesia","0","0","0","https://x.com/clxirejoan/status/1853090952296247680","1265945336364687361","clxirejoan"
"1853090948072284469","Sun Nov 03 15:04:45 +0000 2024","0","WRSAAAAGAJAHAHAGHAHHAHAGAHAHJS https://t.co/QVFM1v0fyI","1853090948072284469","https://pbs.twimg.com/media/GbeAZYRboAAhskV.jpg","","in","any pronounsüåô","0","0","0","https://x.com/saeckos/status/1853090948072284469","1459277181562073104","saeckos"
"1853090540067098815","Sun Nov 03 15:03:48 +0000 2024","0","@faerieshrooom FAWK","1853090710762758380","","faerieshrooom","in","24, she/her        eng/esp","0","0","0","https://x.com/binpradas/status/1853090710762758380","282796942","binpradas"
"1853090484882923862","Sun Nov 03 15:02:55 +0000 2024","0","KALAU W MENANG RAFFLE MNG AESPA UPLOAD COVER WHIPLASH SAMBIL POSE MEME KUCING NINGNING","1853090484882923862","","","in","enfp-a","0","2","0","https://x.com/ratonsoleil/status/1853090484882923862","1379444199213305857","ratonsoleil"
"1853090207626903743","Sun Nov 03 15:01:48 +0000 2024","0","wts tiket ticket aespa nabati meet and greet on richocoland 1x VVIP price dm ditukarkan ke tiket fisik https://t.co/2KSsSwgzdp","1853090207626903743","https://pbs.twimg.com/media/Gbd_uJJboAAyymH.jpg","","in","Indonesia","0","0","0","https://x.com/oppakoreanshopp/status/1853090207626903743","1548977745275023360","oppakoreanshopp"
"1853051813873983488","Sun Nov 03 15:01:48 +0000 2024","0","@aespa_official Beuhhh","1853090205198413930","","aespa_official","in","karmet yuyun mprit hanni loper","0","0","0","https://x.com/efekkalahslot/status/1853090205198413930","1619179886094213120","efekkalahslot"
"1853090100638560427","Sun Nov 03 15:01:23 +0000 2024","0","Yuk yang masih nyari trio konser 2ne1 area Purwakarta-Karawang masih ada slot","1853090100638560427","","","in","Purwakarta, Indonesia","0","0","0","https://x.com/hellopinkcloud/status/1853090100638560427","1072662056329895936","hellopinkcloud"
"1853089758672527402","Sun Nov 03 15:00:01 +0000 2024","0","RTP SLOT GACOR HARI INI POLA SLOT GACOR GAMPANG MAXWIN SITUS SLOT TEPERCAYA LINK GACOR : https://t.co/KHN48jfDXc AESPA KARINA NING NING GISELLE WINTER https://t.co/piwnqBF1sh","1853089758672527402","https://pbs.twimg.com/ext_tw_video_thumb/1852674442532642816/pu/img/F47qSO12oezzaK6b.jpg","","in","","0","0","0","https://x.com/strawberrises/status/1853089758672527402","2650941025","strawberrises"
"1853089718352887936","Sun Nov 03 14:59:52 +0000 2024","0","abis pulang main trs buka tl isinya aespa tiktokan sama itzy stayc‚Äç‚Äç","1853089718352887936","","","in"," byf read my rentry ","0","0","0","https://x.com/karinangitiss/status/1853089718352887936","1165989154443784192","karinangitiss"
"1853089489750728913","Sun Nov 03 14:58:57 +0000 2024","0","jd keinget kmrn malem mimpiin jimin jungkook jennie jessi ama karina (jimin aespa) collab bikin album d satu naungan producer yg sama wkwkwk nama albumnya Always me(?) isinya ada 13 track list trus inisial nama grup collab nya King J karna semua namanya dr J wkwkwkwkwk","1853089489750728913","","","in","01', new acc","0","0","0","https://x.com/dolljungji/status/1853089489750728913","1833145475425533952","dolljungji"
"1853074598952337500","Sun Nov 03 14:56:26 +0000 2024","0","@aespa_official Gendong :( @payin","1853088855249056101","","aespa_official","in","‚†Ä‚£∑‚†Ä‚óü Õú Ã£Ã£Ã•¬† Õú¬† ‚Äø‚†Ä‚†Ä...‚†Ä‚†Ä‚ÄúùñØÕüùñæÕüùóãÕüùóÇÕüùóåÕüùóÅÕüùñæÕüùñΩÕü.ùóÖÕüùóí‚Äù‚†Ä‚†Äìáö¬†·Æ´‚†Ä‡£≠‚†Ä‚£æ
‚†Äùü∏ùü∂/ùü∂ùü∑, ‚†Äùñ°ùóÖùóÇùóåùóåùñøùóéùóÖùóÖ  ùóêùóÇùóçùóÅ  ùñ†ùñæùóåùóâùñ∫‚†Ä„Éé‚†Ä‚Äòùñ≥ùñ∫ùóÖùñæ.‚Äô","0","1","0","https://x.com/minjsong/status/1853088855249056101","221224185","minjsong"
"1853088846143221806","Sun Nov 03 14:56:24 +0000 2024","0","ada untungnya aespa stayc itzy kiss of life kambek nya deketan https://t.co/Vrd24j6Ios","1853088846143221806","https://pbs.twimg.com/amplify_video_thumb/1853051507626958848/img/crt-R4ydzpBt3gvK.jpg","","in"," byf read my rentry ","0","1","0","https://x.com/karinangitiss/status/1853088846143221806","1165989154443784192","karinangitiss"
"1853074598952337500","Sun Nov 03 14:55:47 +0000 2024","0","@aespa_official okee jdi kpn collab kak","1853088693067927675","","aespa_official","in","","0","0","0","https://x.com/vinakiooo/status/1853088693067927675","1295329368722399233","vinakiooo"
"1853074598952337500","Sun Nov 03 14:54:53 +0000 2024","1","@aespa_official KARINA RYUJIN BESTIE ABISSS","1853088463710511451","","aespa_official","in","mdni","0","0","0","https://x.com/sabixkxla/status/1853088463710511451","1014824737992634369","sabixkxla"
"1850748554937315546","Sun Nov 03 14:54:47 +0000 2024","0","@Jeemirn @Jongseonn ntar kalo jeemirn izna wisuda ningning aespa nyamper yaaa","1853088440398860632","","Jeemirn","in","2002 ‚Äé. ñ•î üêà‚Äç‚¨õ #0223-FOLKS!","0","1","0","https://x.com/eyizuo/status/1853088440398860632","790773152871698432","eyizuo"
"1853088235683225768","Sun Nov 03 14:53:58 +0000 2024","1","eh ni cowo emg udh gaberes dari awal jir kurang ajar","1853088235683225768","","","in","106'23","0","0","0","https://x.com/namedlatte/status/1853088235683225768","1331792174762000386","namedlatte"
"1853074598952337500","Sun Nov 03 14:53:25 +0000 2024","0","@aespa_official Yeji makin keren cuy","1853088095945830578","","aespa_official","in","","0","0","0","https://x.com/laracandy24/status/1853088095945830578","1600315316529078272","laracandy24"
"1853088077574807639","Sun Nov 03 14:53:21 +0000 2024","0","Itzy aespa tukeran lagu bisa dong flis melanjutkan twice rv legacy ","1853088077574807639","","","in","She/her","0","0","0","https://x.com/bapmeokjae_hsw/status/1853088077574807639","972148322621210624","bapmeokjae_hsw"
"1853053680221892884","Sun Nov 03 14:52:26 +0000 2024","0","@Gomvinsi menurut mu bagusan irene aespa atau irene twice?","1853087848855195744","","Gomvinsi","in","SND ","0","1","0","https://x.com/Lepyeux/status/1853087848855195744","992158063439196160","Lepyeux"
"1848947661736681784","Sun Nov 03 14:52:18 +0000 2024","0","@Karineyoo Boleeeh! Tapi nggak ada mama-nya gapapa ya? Btw asik betul abang ngobrol sama Karineyoo aespa #real ada birunya!","1853087815070077213","","Karineyoo","in","Insurgent, No. 127Walk","0","0","0","https://x.com/Taeyongw/status/1853087815070077213","1007649997","Taeyongw"
"1853087634152927626","Sun Nov 03 14:51:35 +0000 2024","5","241103 P-pop group AJAA dancing to #aespaWhiplash #aespa #ÏóêÏä§Ìåå #Ïπ¥Î¶¨ÎÇò #ÏúàÌÑ∞ #ÏßÄÏ†§ #ÎãùÎãù https://t.co/S7Jdtgnsrs","1853087634152927626","https://pbs.twimg.com/ext_tw_video_thumb/1853087487931158529/pu/img/Sq-hNqVlodwqBM0e.jpg","","in","Republic of the Philippines","0","1","1","https://x.com/aespaverse1117/status/1853087634152927626","1837319072322834432","aespaverse1117"
"1853050504143872064","Sun Nov 03 14:51:31 +0000 2024","0","@sbyfess Aku SM stan sejak dari SMP Tumbuh besar bersama SNSD F(x) RV sekarang ngikutin Aespa","1853087618734739701","","sbyfess","in","Kota Surabaya, Jawa Timur","0","0","0","https://x.com/serein_bleu/status/1853087618734739701","1611271357542825984","serein_bleu"
"1853087534060048501","Sun Nov 03 14:51:11 +0000 2024","2","Fans aespa yg dateng dengan narasi nyalahin fearnot kalo lu buka akunnya terus scrolling pasti dapet tuh tweetnya mereka yg ngebully fimmies dengan like tembus ribuan sampe puluhan ribu. Emang pada pinter bikin narasi playing victim dan kpopers lain 100% percaya omongan mereka ","1853087534060048501","","","in","","0","0","0","https://x.com/byeolaoi/status/1853087534060048501","1441528609693265920","byeolaoi"
"1853072016934588533","Sun Nov 03 14:41:42 +0000 2024","0","@shinyugemoy dia juga minta vote sama mys tau aku liat tadi pas video aespa fyp abis itu ada komen dia muncul paling atas","1853085148071567631","","shinyugemoy","in","gll:+ | she/her | love :||:+","0","1","0","https://x.com/leewonisfp/status/1853085148071567631","1623579065520369664","leewonisfp"
"1852607796753400065","Sun Nov 03 14:40:17 +0000 2024","0","@yuujimyn aku lg sibuk bengong dan nganggur unnie :3 padahal pengennya comeback bareng lg sama aespa :0","1853084790288982437","","yuujimyn","in","ÏúÑÌÅ¥Î¶¨Ïùò V/VI . . 20!O4_Í©ú%","0","0","0","https://x.com/jihawnie/status/1853084790288982437","870303300788174848","jihawnie"
"1853084786899710408","Sun Nov 03 14:40:16 +0000 2024","1","honorary 5th aespa member","1853084786899710408","","","in","","0","0","0","https://x.com/jinyoungisms/status/1853084786899710408","4651452871","jinyoungisms"
"1853077699256103183","Sun Nov 03 14:39:07 +0000 2024","0","@hnderyna takut kesebar klo sebenernya aku kembaran Karina aespa ","1853084499334369604","","hnderyna","in","","0","1","0","https://x.com/rozantineargen/status/1853084499334369604","748719300","rozantineargen"
"1853084490069152161","Sun Nov 03 14:39:05 +0000 2024","1","READY STOCK STRAY KIDS WORLD TOUR (DominATE JAKARTA) 21 DESEMBER Madya Stadium GBK IME - https://t.co/vRuDl3dBqT (belum plan kasih diskon soalnya row dan qn bagus) vip c row a (4 tix) 6000K/tix cat 1a qn 3-4-5-6 (4 tix) 5500K/tix https://t.co/lJUCgp8uow","1853084490069152161","https://pbs.twimg.com/media/Gbd6hf9aMAAPLnF.jpg","","in","","0","0","0","https://x.com/valereekpopshop/status/1853084490069152161","1658790610256695296","valereekpopshop"
"1853084452307509376","Sun Nov 03 14:38:56 +0000 2024","0","Halo siapa RP ITZY aespa KISS OF LIFE boleh riflih. Kehadiranmu sangat dinantikan. https://t.co/mgKGYdDQK3","1853084452307509376","","","in","STRICTLY SELFOL GEN!RP","0","1","0","https://x.com/menfess/status/1853084452307509376","1288841351321149442","menfess"
"1853084305121218708","Sun Nov 03 14:38:21 +0000 2024","1","WTS MAROON5 IN ASIA 2025 - JAKARTA Pricelist Cat 1 10.800K Ready 5 TIX (uda dapet gelang wraistband pada saat sudah dibuka penukaran tanpa antri) Cat 1 10.200K Ready 5 TIX (dapat evoucher) Cat 2 5.640K Ready 5 TIX (dapat evoucher) Festival 5.400K Ready 5 TIX (dapat evoucher) https://t.co/fVpVnHUHun","1853084305121218708","https://pbs.twimg.com/media/Gbd6WwXbAAAMNOv.jpg","","in","","0","0","0","https://x.com/valereekpopshop/status/1853084305121218708","1658790610256695296","valereekpopshop"
"1853084285567418447","Sun Nov 03 14:38:16 +0000 2024","0","Timeline penuh Seventeen Super Junior Day6 (moots saya hardcore) SNSD ataupun Aespa (moots saya hardcore juga)!","1853084285567418447","","","in","Cheras  Kuala Lumpur","0","0","0","https://x.com/AiminSimba/status/1853084285567418447","298414046","AiminSimba"
"1853084194093834370","Sun Nov 03 14:37:55 +0000 2024","0","I need aespa and illit do a challenge (walupun kykny harapan fana) tapi plisss ","1853084194093834370","","","in","she/her (23) - sapphic/biseks","0","0","0","https://x.com/ketekchan_/status/1853084194093834370","1742145416387547136","ketekchan_"
"1853000257363468707","Sun Nov 03 14:37:34 +0000 2024","0","@peopleofkolor @lattejoohyeon Contoh lagi ya skrg kalau konsep ai dan futuristik itu identik dg Aespa. Nah kalau ada yg ngikutin trus bbrp scene jg mirip ya bakal berisiko dibilang plagiat. 2ne1 jg futuristik tp aespa waktu keluar jg g dibilang plagiat. Jd kesan org emg valid buat penilaian art","1853084108022513728","","HajiShoyo","in","","0","0","0","https://x.com/HajiShoyo/status/1853084108022513728","1390680394396147721","HajiShoyo"
"1853084098593685806","Sun Nov 03 14:37:32 +0000 2024","0","Semoga rejeki dan longlastingnya aespa bisa kyk soshi","1853084098593685806","","","in","+62 ‚úÆ ","0","0","0","https://x.com/gyulpeach/status/1853084098593685806","749958248954892288","gyulpeach"
"1853074598952337500","Sun Nov 03 14:37:11 +0000 2024","0","@aespa_official @fimtonin VALULU ","1853084012543132007","","aespa_official","in","toninas ü´ß","0","0","0","https://x.com/jiwonphare/status/1853084012543132007","1614446406877741057","jiwonphare"
"1853083981400682609","Sun Nov 03 14:37:04 +0000 2024","0","Imho lsf ini enak kok lagunya cuma memang gak yang vocally-satisfying. Fansnya mestinya sadar diri sih sama kemampuan grupnya jadi gak usah juga berani ngebandingin sama aespa yang all-rounder. Imej fans sama grupnya jadi jatoh barengan‚ÄçÔ∏è","1853083981400682609","","","in","","0","0","0","https://x.com/aegimaw/status/1853083981400682609","1807090209479360512","aegimaw"
"1853063513335558595","Sun Nov 03 14:36:38 +0000 2024","0","@Yoonsmores @YJMXLN4 Kat mana nak tanya quotation dengan availability. Saya nak book kugiran aespa ni untuk kenduri ","1853083872462073866","","Yoonsmores","in","","0","0","0","https://x.com/Qus_Jaslenda/status/1853083872462073866","2612693251","Qus_Jaslenda"
"1853083750240002242","Sun Nov 03 14:36:09 +0000 2024","0","gak perlu...dh ada AESPA","1853083750240002242","","","in","she","0","0","0","https://x.com/Senjajaeyong1/status/1853083750240002242","1198788924467859457","Senjajaeyong1"
"1853083193693626600","Sun Nov 03 14:33:56 +0000 2024","0","Sumpah ini bener bikin aku shock Kok sampe kepikiran naro foto di pinterest dan sampe bikin akunnya WOW bener aespa bikin konsep yg serba divital dan modern bgt salut sama produser staff dan membernya ","1853083193693626600","","","in","","0","0","0","https://x.com/MaHyukHee/status/1853083193693626600","1187560027298525184","MaHyukHee"
"1853074598952337500","Sun Nov 03 14:33:28 +0000 2024","0","@aespa_official Ya ampun Winter sama Yeji kalian mau aku meninggal apa ya","1853083076651622622","","aespa_official","in","","0","0","0","https://x.com/satorugojoe/status/1853083076651622622","1269836442093510656","satorugojoe"
"1853074598952337500","Sun Nov 03 14:32:46 +0000 2024","0","@aespa_official aku lah target pasarnya","1853082900922761223","","aespa_official","in","staywolland","0","0","0","https://x.com/vvchandesu/status/1853082900922761223","1028491643580637184","vvchandesu"
"1853082250155344330","Sun Nov 03 14:30:56 +0000 2024","0","@bulanrpw Aku pleasee Aktif dm ","1853082437225730174","","bulanrpw","in","","0","0","0","https://x.com/not_aespa/status/1853082437225730174","2432259279","not_aespa"
"1853072185784504412","Sun Nov 03 14:30:34 +0000 2024","1","@starfess Aespa dan itzy gamau buat konten vlog gtu kah bestie... ","1853082346003804240","","starfess","in","urheart","0","0","0","https://x.com/gwincard/status/1853082346003804240","1688012707822465024","gwincard"
"1853082302026563849","Sun Nov 03 14:30:24 +0000 2024","0","kata bapa kumbang padahal croissant T___T https://t.co/bzxgpAi4mt","1853082302026563849","https://pbs.twimg.com/media/Gbd4SJgbMAAdWzo.jpg","","in","","0","0","0","https://x.com/kkimshion/status/1853082302026563849","1238122585591656456","kkimshion"
"1853082299031789577","Sun Nov 03 14:30:23 +0000 2024","0","Aespa itzy stan stop berantem nih idol kalian bestian","1853082299031789577","","","in","","0","0","0","https://x.com/yacultsesat/status/1853082299031789577","1606816740","yacultsesat"
"1853082289921835124","Sun Nov 03 14:30:21 +0000 2024","0","wts - sharing sg 25 - pob appmus RED VELVET box + folded poster 50k DP 30k special polaroid 55k DP 30k AESPA member set : DP 50k giselle 170k ningning 150k box + folded poster 50k DP 30k mini brochure 35k DP 20k claim cek bio","1853082289921835124","","","in","","0","0","0","https://x.com/3NJE0/status/1853082289921835124","1799511937853915136","3NJE0"
"1853074598952337500","Sun Nov 03 14:30:19 +0000 2024","0","@raplikkkk @aespa_official Baru ngelike buset deh","1853082284322373973","","raplikkkk","in","Indonesia","0","0","0","https://x.com/andikaargaditya/status/1853082284322373973","1182724809290960896","andikaargaditya"
"1852871884670734838","Sun Nov 03 14:29:49 +0000 2024","1","@myyujimin11 @zuhakazuhaz tenang ajaa soal catwalk. winner udh duluan sblm ssera gue sebagai YGstan biasa ajaa ga bilang aespa plagiat","1853082154978431093","","myyujimin11","in","","0","0","0","https://x.com/exbbch/status/1853082154978431093","1298237305300246528","exbbch"
"1853082016310505524","Sun Nov 03 14:29:15 +0000 2024","0","seru bgt aespa-itzy-kiof-stayc","1853082016310505524","","","in","just like 825.","0","0","0","https://x.com/crackedelight/status/1853082016310505524","1302619016712708097","crackedelight"
"1853062663628321199","Sun Nov 03 14:29:11 +0000 2024","0","@ITZYofficial @aespa_official YEJI","1853081996966429129","","ITZYofficial","in","","0","0","0","https://x.com/lln1879756/status/1853081996966429129","1826082595911950336","lln1879756"
"1853079275416789484","Sun Nov 03 14:27:37 +0000 2024","0","@genenieveneth aespa cuma perkara catwalk doang padahal tapi lsf bener2 sekonsep2nya tbtb berubah wkwk kocak tuh","1853081601393217586","","genenieveneth","in","üéß‚ñ∂Ô∏é ‚Ä¢·Åä·Åä||·Åäflowers","0","0","0","https://x.com/ningsley/status/1853081601393217586","1300980993382178817","ningsley"
"1853081439153390039","Sun Nov 03 14:26:58 +0000 2024","0","country life of genz gamau undang aespa lagi? terus undang wish/riize jg plis....","1853081439153390039","","","in","ÎùºÏù¥Ï¶à Î∏åÎ¶¨Ï¶à Îú¨Îã§‚òÜ be kind!‚äπÀö","0","0","0","https://x.com/aechansc/status/1853081439153390039","761643255968575488","aechansc"
"1853003537569169756","Sun Nov 03 14:26:42 +0000 2024","0","@kinankece playlist buat bangun mood kerja tiap pagi nihh - Jimin Who - aespa Whiplash ","1853081374447808935","","kinankece","in","Magic Shop","0","0","0","https://x.com/pebblues/status/1853081374447808935","911987202791424001","pebblues"
"1853081283116843130","Sun Nov 03 14:26:21 +0000 2024","1","gw kalo join aespa https://t.co/IV49mJBoNA","1853081283116843130","https://pbs.twimg.com/media/Gbd3myBboAEw4yL.jpg","","in","Lake Lenore No. 399, Saskatche","0","0","0","https://x.com/mortielse/status/1853081283116843130","1455770907729805326","mortielse"
"1853074598952337500","Sun Nov 03 14:26:12 +0000 2024","0","@aespa_official akur banget istri istri q","1853081246068588887","","aespa_official","in","karina's heart","0","0","0","https://x.com/katayinabyuu/status/1853081246068588887","1719964265413783552","katayinabyuu"
"1852943802245493054","Sun Nov 03 14:26:04 +0000 2024","0","@wiznty Kasar banget winter aespa ","1853081211905966465","","wiznty","in","Ïï†Ïä§Ìåå ‚Äî 00","0","1","0","https://x.com/uchinagua/status/1853081211905966465","2324512355","uchinagua"
"1853081160706109728","Sun Nov 03 14:25:51 +0000 2024","0","Mau mangkal base kenapa limit semua ","1853081160706109728","","","in","","0","0","0","https://x.com/not_aespa/status/1853081160706109728","2432259279","not_aespa"
